data_hora,temperatura_celsius,sensor_id,estacao
2025-01-01 00:00:00,20.99,S2,Leste
2025-01-01 01:00:00,19.75,S3,Oeste
2025-01-01 02:00:00,21.36,S1,Norte
2025-01-01 03:00:00,23.14,S1,Sul
2025-01-01 04:00:00,19.66,S1,Oeste
2025-01-01 05:00:00,19.69,S1,Oeste
2025-01-01 06:00:00,23.35,S2,Oeste
2025-01-01 07:00:00,21.75,S2,Leste
2025-01-01 08:00:00,19.31,S3,Norte
2025-01-01 09:00:00,21.37,S1,Oeste
2025-01-01 10:00:00,19.39,S3,Norte
2025-01-01 11:00:00,19.41,S2,Leste
2025-01-01 12:00:00,20.86,S1,Oeste
2025-01-01 13:00:00,16.58,S1,Leste
2025-01-01 14:00:00,16.99,S2,Leste
2025-01-01 15:00:00,19.35,S2,Norte
2025-01-01 16:00:00,18.48,S2,Oeste
2025-01-01 17:00:00,21.16,S2,Leste
2025-01-01 18:00:00,18.75,S2,Oeste
2025-01-01 19:00:00,17.77,S1,Norte
2025-01-01 20:00:00,23.56,S2,Leste
2025-01-01 21:00:00,20.21,S1,Norte
2025-01-01 22:00:00,20.82,S1,Oeste
2025-01-01 23:00:00,17.87,S2,Oeste
2025-01-02 00:00:00,19.66,S2,Norte
2025-01-02 01:00:00,21.0,S1,Sul
2025-01-02 02:00:00,18.51,S2,Leste
2025-01-02 03:00:00,21.6,S2,Oeste
2025-01-02 04:00:00,19.67,S2,Oeste
2025-01-02 05:00:00,20.32,S3,Leste
2025-01-02 06:00:00,19.73,S1,Norte
2025-01-02 07:00:00,24.67,S3,Norte
2025-01-02 08:00:00,20.97,S2,Norte
2025-01-02 09:00:00,18.91,S3,Sul
2025-01-02 10:00:00,22.71,S2,Sul
2025-01-02 11:00:00,18.65,S3,Oeste
2025-01-02 12:00:00,21.54,S2,Norte
2025-01-02 13:00:00,17.23,S3,Leste
2025-01-02 14:00:00,18.53,S3,Oeste
2025-01-02 15:00:00,21.61,S3,Leste
2025-01-02 16:00:00,227.22,S1,Oeste
2025-01-02 17:00:00,21.62,S3,Sul
2025-01-02 18:00:00,21.07,S1,Oeste
2025-01-02 19:00:00,20.73,S2,Sul
2025-01-02 20:00:00,18.41,S3,Oeste
2025-01-02 21:00:00,19.96,S2,Norte
2025-01-02 22:00:00,20.51,S2,Leste
2025-01-02 23:00:00,23.57,S3,Norte
2025-01-03 00:00:00,22.17,S1,Oeste
2025-01-03 01:00:00,17.99,S3,Oeste
2025-01-03 02:00:00,22.19,S2,Oeste
2025-01-03 03:00:00,20.81,S2,Sul
2025-01-03 04:00:00,20.25,S3,Leste
2025-01-03 05:00:00,22.86,S1,Leste
2025-01-03 06:00:00,23.73,S1,Oeste
2025-01-03 07:00:00,23.56,S2,Oeste
2025-01-03 08:00:00,20.05,S2,Sul
2025-01-03 09:00:00,21.14,S1,Norte
2025-01-03 10:00:00,22.45,S3,Norte
2025-01-03 11:00:00,23.76,S2,Leste
2025-01-03 12:00:00,20.88,S1,Sul
2025-01-03 13:00:00,21.5,S2,Oeste
2025-01-03 14:00:00,19.69,S3,Leste
2025-01-03 15:00:00,19.54,S1,Sul
2025-01-03 16:00:00,23.58,S2,Norte
2025-01-03 17:00:00,24.7,S3,Sul
2025-01-03 18:00:00,21.87,S2,Norte
2025-01-03 19:00:00,24.05,S3,Sul
2025-01-03 20:00:00,22.8,S3,Leste
2025-01-03 21:00:00,20.81,S1,Norte
2025-01-03 22:00:00,22.85,S3,Leste
2025-01-03 23:00:00,25.24,S2,Leste
2025-01-04 00:00:00,22.12,S3,Norte
2025-01-04 01:00:00,25.35,S3,Norte
2025-01-04 02:00:00,17.0,S1,Oeste
2025-01-04 03:00:00,23.92,S3,Oeste
2025-01-04 04:00:00,22.47,S3,Oeste
2025-01-04 05:00:00,21.73,S2,Leste
2025-01-04 06:00:00,22.54,S1,Leste
2025-01-04 07:00:00,18.41,S1,Oeste
2025-01-04 08:00:00,2.2,S1,Leste
2025-01-04 09:00:00,23.15,S3,Leste
2025-01-04 10:00:00,25.42,S1,Norte
2025-01-04 11:00:00,21.46,S3,Norte
2025-01-04 12:00:00,20.9,S3,Leste
2025-01-04 13:00:00,21.54,S2,Oeste
2025-01-04 14:00:00,24.41,S2,Sul
2025-01-04 15:00:00,23.26,S2,Oeste
2025-01-04 16:00:00,21.57,S2,Sul
2025-01-04 17:00:00,23.68,S2,Oeste
2025-01-04 18:00:00,228.76,S3,Norte
2025-01-04 19:00:00,24.65,S3,Leste
2025-01-04 20:00:00,21.33,S1,Leste
2025-01-04 21:00:00,22.11,S3,Norte
2025-01-04 22:00:00,22.0,S3,Sul
2025-01-04 23:00:00,19.89,S2,Sul
2025-01-05 00:00:00,23.43,S3,Sul
2025-01-05 01:00:00,23.39,S2,Norte
2025-01-05 02:00:00,22.9,S1,Sul
2025-01-05 03:00:00,22.45,S1,Norte
2025-01-05 04:00:00,20.11,S3,Oeste
2025-01-05 05:00:00,22.13,S1,Oeste
2025-01-05 06:00:00,22.31,S3,Norte
2025-01-05 07:00:00,21.41,S1,Leste
2025-01-05 08:00:00,22.72,S2,Oeste
2025-01-05 09:00:00,23.88,S2,Sul
2025-01-05 10:00:00,26.86,S2,Norte
2025-01-05 11:00:00,23.47,S2,Sul
2025-01-05 12:00:00,23.66,S3,Sul
2025-01-05 13:00:00,23.02,S1,Leste
2025-01-05 14:00:00,19.35,S3,Sul
2025-01-05 15:00:00,23.16,S2,Leste
2025-01-05 16:00:00,23.36,S3,Oeste
2025-01-05 17:00:00,28.19,S1,Norte
2025-01-05 18:00:00,22.9,S3,Sul
2025-01-05 19:00:00,23.91,S1,Norte
2025-01-05 20:00:00,23.26,S3,Sul
2025-01-05 21:00:00,21.02,S1,Norte
2025-01-05 22:00:00,25.67,S1,Sul
2025-01-05 23:00:00,24.91,S2,Sul
2025-01-06 00:00:00,25.01,S1,Sul
2025-01-06 01:00:00,21.63,S2,Sul
2025-01-06 02:00:00,26.28,S2,Sul
2025-01-06 03:00:00,20.69,S2,Sul
2025-01-06 04:00:00,24.69,S3,Sul
2025-01-06 05:00:00,27.92,S3,Sul
2025-01-06 06:00:00,21.58,S3,Sul
2025-01-06 07:00:00,22.45,S3,Norte
2025-01-06 08:00:00,23.8,S1,Leste
2025-01-06 09:00:00,22.62,S1,Sul
2025-01-06 10:00:00,20.55,S3,Leste
2025-01-06 11:00:00,23.81,S1,Sul
2025-01-06 12:00:00,21.57,S1,Sul
2025-01-06 13:00:00,24.66,S2,Norte
2025-01-06 14:00:00,21.89,S2,Oeste
2025-01-06 15:00:00,26.85,S2,Oeste
2025-01-06 16:00:00,22.21,S2,Norte
2025-01-06 17:00:00,23.15,S1,Leste
2025-01-06 18:00:00,25.44,S3,Oeste
2025-01-06 19:00:00,21.37,S1,Norte
2025-01-06 20:00:00,24.31,S1,Norte
2025-01-06 21:00:00,26.49,S1,Oeste
2025-01-06 22:00:00,20.68,S2,Leste
2025-01-06 23:00:00,24.28,S2,Norte
2025-01-07 00:00:00,24.45,S2,Sul
2025-01-07 01:00:00,25.52,S3,Leste
2025-01-07 02:00:00,21.5,S1,Leste
2025-01-07 03:00:00,21.35,S3,Oeste
2025-01-07 04:00:00,25.05,S2,Oeste
2025-01-07 05:00:00,24.62,S3,Sul
2025-01-07 06:00:00,24.55,S1,Norte
2025-01-07 07:00:00,24.76,S1,Oeste
2025-01-07 08:00:00,22.72,S2,Oeste
2025-01-07 09:00:00,24.57,S2,Leste
2025-01-07 10:00:00,24.71,S3,Oeste
2025-01-07 11:00:00,22.71,S2,Oeste
2025-01-07 12:00:00,27.89,S2,Oeste
2025-01-07 13:00:00,25.12,S1,Oeste
2025-01-07 14:00:00,21.81,S2,Leste
2025-01-07 15:00:00,25.52,S2,Sul
2025-01-07 16:00:00,22.27,S1,Sul
2025-01-07 17:00:00,258.15,S1,Norte
2025-01-07 18:00:00,26.57,S3,Oeste
2025-01-07 19:00:00,22.63,S2,Leste
2025-01-07 20:00:00,26.22,S1,Norte
2025-01-07 21:00:00,25.13,S3,Norte
2025-01-07 22:00:00,25.97,S3,Sul
2025-01-07 23:00:00,28.13,S2,Leste
2025-01-08 00:00:00,23.86,S2,Leste
2025-01-08 01:00:00,2.29,S3,Leste
2025-01-08 02:00:00,22.61,S1,Sul
2025-01-08 03:00:00,22.77,S3,Sul
2025-01-08 04:00:00,24.26,S2,Sul
2025-01-08 05:00:00,25.11,S1,Sul
2025-01-08 06:00:00,25.0,S1,Sul
2025-01-08 07:00:00,2.61,S3,Oeste
2025-01-08 08:00:00,24.5,S2,Oeste
2025-01-08 09:00:00,27.39,S3,Leste
2025-01-08 10:00:00,23.97,S3,Norte
2025-01-08 11:00:00,29.95,S3,Leste
2025-01-08 12:00:00,25.78,S1,Norte
2025-01-08 13:00:00,2.28,S1,Sul
2025-01-08 14:00:00,22.41,S2,Norte
2025-01-08 15:00:00,25.53,S2,Leste
2025-01-08 16:00:00,24.13,S3,Leste
2025-01-08 17:00:00,26.02,S3,Norte
2025-01-08 18:00:00,2.55,S3,Oeste
2025-01-08 19:00:00,24.47,S2,Sul
2025-01-08 20:00:00,22.93,S1,Sul
2025-01-08 21:00:00,21.61,S1,Leste
2025-01-08 22:00:00,23.76,S3,Oeste
2025-01-08 23:00:00,26.38,S3,Norte
2025-01-09 00:00:00,25.1,S3,Sul
2025-01-09 01:00:00,2.22,S3,Oeste
2025-01-09 02:00:00,25.04,S2,Sul
2025-01-09 03:00:00,25.48,S1,Oeste
2025-01-09 04:00:00,22.95,S3,Oeste
2025-01-09 05:00:00,25.03,S2,Leste
2025-01-09 06:00:00,2.49,S3,Sul
2025-01-09 07:00:00,22.46,S3,Norte
2025-01-09 08:00:00,25.47,S1,Leste
2025-01-09 09:00:00,25.89,S3,Leste
2025-01-09 10:00:00,26.94,S1,Norte
2025-01-09 11:00:00,26.89,S1,Leste
2025-01-09 12:00:00,22.04,S1,Oeste
2025-01-09 13:00:00,22.93,S2,Oeste
2025-01-09 14:00:00,25.84,S2,Sul
2025-01-09 15:00:00,25.85,S1,Sul
2025-01-09 16:00:00,25.86,S3,Norte
2025-01-09 17:00:00,32.54,S1,Sul
2025-01-09 18:00:00,25.99,S3,Oeste
2025-01-09 19:00:00,27.12,S1,Norte
2025-01-09 20:00:00,26.77,S3,Norte
2025-01-09 21:00:00,26.17,S2,Sul
2025-01-09 22:00:00,24.24,S3,Oeste
2025-01-09 23:00:00,26.4,S1,Norte
2025-01-10 00:00:00,23.34,S2,Oeste
2025-01-10 01:00:00,24.42,S3,Oeste
2025-01-10 02:00:00,23.93,S3,Oeste
2025-01-10 03:00:00,25.07,S3,Sul
2025-01-10 04:00:00,29.54,S3,Leste
2025-01-10 05:00:00,2.12,S3,Leste
2025-01-10 06:00:00,26.3,S2,Norte
2025-01-10 07:00:00,21.7,S2,Oeste
2025-01-10 08:00:00,2.4,S2,Sul
2025-01-10 09:00:00,27.12,S2,Oeste
2025-01-10 10:00:00,25.07,S1,Oeste
2025-01-10 11:00:00,22.79,S2,Sul
2025-01-10 12:00:00,23.52,S3,Leste
2025-01-10 13:00:00,26.32,S3,Oeste
2025-01-10 14:00:00,23.5,S2,Oeste
2025-01-10 15:00:00,25.4,S3,Leste
2025-01-10 16:00:00,25.06,S2,Sul
2025-01-10 17:00:00,23.67,S3,Norte
2025-01-10 18:00:00,29.26,S1,Leste
2025-01-10 19:00:00,26.25,S1,Norte
2025-01-10 20:00:00,20.93,S2,Norte
2025-01-10 21:00:00,25.36,S2,Leste
2025-01-10 22:00:00,23.66,S2,Oeste
2025-01-10 23:00:00,26.69,S3,Norte
2025-01-11 00:00:00,23.41,S2,Norte
2025-01-11 01:00:00,24.76,S1,Sul
2025-01-11 02:00:00,26.0,S3,Oeste
2025-01-11 03:00:00,26.73,S2,Norte
2025-01-11 04:00:00,225.96,S3,Sul
2025-01-11 05:00:00,24.33,S3,Oeste
2025-01-11 06:00:00,24.05,S2,Leste
2025-01-11 07:00:00,23.69,S3,Leste
2025-01-11 08:00:00,28.53,S1,Sul
2025-01-11 09:00:00,25.81,S1,Leste
2025-01-11 10:00:00,22.48,S3,Norte
2025-01-11 11:00:00,26.84,S2,Oeste
2025-01-11 12:00:00,29.24,S3,Norte
2025-01-11 13:00:00,27.06,S1,Norte
2025-01-11 14:00:00,21.96,S3,Leste
2025-01-11 15:00:00,24.03,S3,Norte
2025-01-11 16:00:00,27.53,S1,Leste
2025-01-11 17:00:00,23.58,S3,Oeste
2025-01-11 18:00:00,25.88,S3,Oeste
2025-01-11 19:00:00,26.54,S2,Norte
2025-01-11 20:00:00,23.14,S2,Sul
2025-01-11 21:00:00,24.87,S1,Leste
2025-01-11 22:00:00,18.5,S1,Leste
2025-01-11 23:00:00,22.93,S1,Norte
2025-01-12 00:00:00,24.47,S2,Leste
2025-01-12 01:00:00,22.48,S1,Leste
2025-01-12 02:00:00,28.24,S1,Sul
2025-01-12 03:00:00,22.11,S1,Sul
2025-01-12 04:00:00,24.09,S2,Norte
2025-01-12 05:00:00,25.22,S3,Sul
2025-01-12 06:00:00,27.84,S1,Norte
2025-01-12 07:00:00,22.08,S3,Oeste
2025-01-12 08:00:00,27.28,S1,Norte
2025-01-12 09:00:00,24.97,S3,Oeste
2025-01-12 10:00:00,22.98,S2,Norte
2025-01-12 11:00:00,25.86,S2,Leste
2025-01-12 12:00:00,25.33,S1,Sul
2025-01-12 13:00:00,23.73,S3,Oeste
2025-01-12 14:00:00,25.06,S2,Norte
2025-01-12 15:00:00,24.15,S1,Sul
2025-01-12 16:00:00,25.14,S1,Norte
2025-01-12 17:00:00,26.23,S2,Sul
2025-01-12 18:00:00,28.07,S2,Sul
2025-01-12 19:00:00,22.42,S1,Norte
2025-01-12 20:00:00,29.15,S3,Oeste
2025-01-12 21:00:00,20.97,S3,Oeste
2025-01-12 22:00:00,24.57,S3,Leste
2025-01-12 23:00:00,26.04,S1,Sul
2025-01-13 00:00:00,25.42,S2,Leste
2025-01-13 01:00:00,23.6,S1,Leste
2025-01-13 02:00:00,24.42,S2,Norte
2025-01-13 03:00:00,23.85,S3,Norte
2025-01-13 04:00:00,23.65,S3,Norte
2025-01-13 05:00:00,26.52,S2,Sul
2025-01-13 06:00:00,25.52,S2,Norte
2025-01-13 07:00:00,23.41,S1,Norte
2025-01-13 08:00:00,26.59,S3,Sul
2025-01-13 09:00:00,25.4,S1,Sul
2025-01-13 10:00:00,26.4,S1,Oeste
2025-01-13 11:00:00,26.02,S1,Norte
2025-01-13 12:00:00,23.09,S3,Norte
2025-01-13 13:00:00,23.62,S1,Norte
2025-01-13 14:00:00,26.23,S1,Oeste
2025-01-13 15:00:00,25.94,S1,Norte
2025-01-13 16:00:00,24.67,S1,Oeste
2025-01-13 17:00:00,24.94,S1,Leste
2025-01-13 18:00:00,27.25,S1,Oeste
2025-01-13 19:00:00,23.5,S3,Leste
2025-01-13 20:00:00,25.76,S1,Norte
2025-01-13 21:00:00,24.25,S2,Leste
2025-01-13 22:00:00,24.21,S1,Oeste
2025-01-13 23:00:00,26.83,S1,Sul
2025-01-14 00:00:00,26.27,S3,Leste
2025-01-14 01:00:00,26.24,S3,Leste
2025-01-14 02:00:00,27.21,S2,Norte
2025-01-14 03:00:00,24.63,S2,Oeste
2025-01-14 04:00:00,25.94,S3,Leste
2025-01-14 05:00:00,23.94,S3,Leste
2025-01-14 06:00:00,25.19,S1,Leste
2025-01-14 07:00:00,24.27,S3,Leste
2025-01-14 08:00:00,24.71,S2,Sul
2025-01-14 09:00:00,25.7,S1,Oeste
2025-01-14 10:00:00,22.86,S2,Norte
2025-01-14 11:00:00,28.66,S1,Norte
2025-01-14 12:00:00,22.45,S3,Sul
2025-01-14 13:00:00,22.02,S2,Oeste
2025-01-14 14:00:00,267.52,S1,Leste
2025-01-14 15:00:00,26.0,S1,Sul
2025-01-14 16:00:00,25.65,S3,Oeste
2025-01-14 17:00:00,25.65,S3,Leste
2025-01-14 18:00:00,24.35,S3,Sul
2025-01-14 19:00:00,22.57,S2,Oeste
2025-01-14 20:00:00,244.97,S1,Norte
2025-01-14 21:00:00,22.98,S3,Norte
2025-01-14 22:00:00,26.26,S2,Oeste
2025-01-14 23:00:00,24.0,S2,Norte
2025-01-15 00:00:00,2.26,S2,Oeste
2025-01-15 01:00:00,23.62,S3,Leste
2025-01-15 02:00:00,25.08,S3,Oeste
2025-01-15 03:00:00,23.11,S1,Leste
2025-01-15 04:00:00,22.57,S1,Sul
2025-01-15 05:00:00,24.69,S3,Oeste
2025-01-15 06:00:00,24.67,S2,Sul
2025-01-15 07:00:00,23.15,S2,Norte
2025-01-15 08:00:00,23.2,S2,Leste
2025-01-15 09:00:00,24.59,S1,Oeste
2025-01-15 10:00:00,21.22,S2,Sul
2025-01-15 11:00:00,21.28,S1,Leste
2025-01-15 12:00:00,22.64,S1,Leste
2025-01-15 13:00:00,23.63,S2,Norte
2025-01-15 14:00:00,24.66,S2,Norte
2025-01-15 15:00:00,26.97,S3,Leste
2025-01-15 16:00:00,25.72,S3,Leste
2025-01-15 17:00:00,23.66,S2,Oeste
2025-01-15 18:00:00,23.93,S1,Leste
2025-01-15 19:00:00,21.94,S1,Oeste
2025-01-15 20:00:00,23.89,S1,Leste
2025-01-15 21:00:00,23.33,S1,Norte
2025-01-15 22:00:00,24.53,S1,Oeste
2025-01-15 23:00:00,2.22,S3,Sul
2025-01-16 00:00:00,24.88,S2,Norte
2025-01-16 01:00:00,26.89,S3,Oeste
2025-01-16 02:00:00,23.59,S1,Oeste
2025-01-16 03:00:00,24.59,S1,Sul
2025-01-16 04:00:00,25.14,S1,Oeste
2025-01-16 05:00:00,22.94,S1,Leste
2025-01-16 06:00:00,24.17,S2,Sul
2025-01-16 07:00:00,237.26,S1,Norte
2025-01-16 08:00:00,23.88,S2,Norte
2025-01-16 09:00:00,22.11,S1,Leste
2025-01-16 10:00:00,23.69,S2,Norte
2025-01-16 11:00:00,24.61,S3,Oeste
2025-01-16 12:00:00,26.5,S1,Oeste
2025-01-16 13:00:00,25.49,S2,Leste
2025-01-16 14:00:00,27.86,S3,Norte
2025-01-16 15:00:00,21.99,S1,Norte
2025-01-16 16:00:00,25.25,S1,Leste
2025-01-16 17:00:00,23.85,S1,Sul
2025-01-16 18:00:00,27.84,S2,Norte
2025-01-16 19:00:00,21.82,S2,Sul
2025-01-16 20:00:00,21.73,S3,Norte
2025-01-16 21:00:00,22.19,S2,Norte
2025-01-16 22:00:00,19.12,S2,Norte
2025-01-16 23:00:00,22.29,S1,Norte
2025-01-17 00:00:00,21.8,S1,Oeste
2025-01-17 01:00:00,23.6,S1,Sul
2025-01-17 02:00:00,23.96,S1,Sul
2025-01-17 03:00:00,27.0,S1,Norte
2025-01-17 04:00:00,25.13,S1,Norte
2025-01-17 05:00:00,22.05,S1,Sul
2025-01-17 06:00:00,21.38,S3,Oeste
2025-01-17 07:00:00,24.14,S3,Leste
2025-01-17 08:00:00,20.49,S3,Leste
2025-01-17 09:00:00,26.77,S3,Sul
2025-01-17 10:00:00,25.44,S1,Norte
2025-01-17 11:00:00,22.12,S3,Norte
2025-01-17 12:00:00,19.6,S1,Oeste
2025-01-17 13:00:00,25.71,S3,Leste
2025-01-17 14:00:00,22.75,S2,Oeste
2025-01-17 15:00:00,25.43,S3,Leste
2025-01-17 16:00:00,19.74,S3,Sul
2025-01-17 17:00:00,21.7,S1,Leste
2025-01-17 18:00:00,22.89,S3,Oeste
2025-01-17 19:00:00,22.95,S2,Oeste
2025-01-17 20:00:00,21.93,S1,Oeste
2025-01-17 21:00:00,24.05,S1,Sul
2025-01-17 22:00:00,20.64,S3,Leste
2025-01-17 23:00:00,22.46,S1,Leste
2025-01-18 00:00:00,22.96,S1,Oeste
2025-01-18 01:00:00,23.72,S1,Leste
2025-01-18 02:00:00,24.09,S1,Norte
2025-01-18 03:00:00,20.39,S1,Norte
2025-01-18 04:00:00,19.55,S1,Norte
2025-01-18 05:00:00,25.14,S2,Leste
2025-01-18 06:00:00,23.23,S3,Sul
2025-01-18 07:00:00,21.04,S2,Sul
2025-01-18 08:00:00,25.61,S1,Sul
2025-01-18 09:00:00,22.71,S1,Sul
2025-01-18 10:00:00,24.81,S3,Norte
2025-01-18 11:00:00,22.56,S2,Norte
2025-01-18 12:00:00,26.52,S3,Oeste
2025-01-18 13:00:00,25.88,S2,Leste
2025-01-18 14:00:00,21.84,S1,Leste
2025-01-18 15:00:00,24.26,S3,Sul
2025-01-18 16:00:00,23.58,S3,Norte
2025-01-18 17:00:00,25.0,S1,Sul
2025-01-18 18:00:00,20.3,S3,Oeste
2025-01-18 19:00:00,23.57,S2,Leste
2025-01-18 20:00:00,24.29,S2,Leste
2025-01-18 21:00:00,18.63,S2,Sul
2025-01-18 22:00:00,19.75,S2,Oeste
2025-01-18 23:00:00,18.01,S1,Leste
2025-01-19 00:00:00,21.52,S3,Oeste
2025-01-19 01:00:00,23.47,S2,Oeste
2025-01-19 02:00:00,25.01,S1,Sul
2025-01-19 03:00:00,22.12,S3,Norte
2025-01-19 04:00:00,25.2,S3,Sul
2025-01-19 05:00:00,19.16,S1,Norte
2025-01-19 06:00:00,18.48,S1,Oeste
2025-01-19 07:00:00,21.75,S2,Norte
2025-01-19 08:00:00,22.6,S3,Oeste
2025-01-19 09:00:00,21.73,S3,Leste
2025-01-19 10:00:00,17.63,S1,Leste
2025-01-19 11:00:00,21.56,S3,Leste
2025-01-19 12:00:00,19.1,S2,Sul
2025-01-19 13:00:00,23.02,S3,Sul
2025-01-19 14:00:00,22.38,S1,Oeste
2025-01-19 15:00:00,19.74,S1,Leste
2025-01-19 16:00:00,20.56,S2,Sul
2025-01-19 17:00:00,19.44,S2,Leste
2025-01-19 18:00:00,21.41,S3,Sul
2025-01-19 19:00:00,23.41,S3,Norte
2025-01-19 20:00:00,19.5,S1,Norte
2025-01-19 21:00:00,22.45,S2,Leste
2025-01-19 22:00:00,20.35,S2,Oeste
2025-01-19 23:00:00,19.8,S2,Sul
2025-01-20 00:00:00,21.14,S3,Sul
2025-01-20 01:00:00,19.25,S2,Norte
2025-01-20 02:00:00,20.18,S1,Norte
2025-01-20 03:00:00,18.86,S1,Oeste
2025-01-20 04:00:00,25.16,S3,Oeste
2025-01-20 05:00:00,21.27,S3,Oeste
2025-01-20 06:00:00,19.77,S2,Leste
2025-01-20 07:00:00,21.57,S3,Norte
2025-01-20 08:00:00,20.88,S1,Leste
2025-01-20 09:00:00,20.63,S2,Norte
2025-01-20 10:00:00,222.74,S1,Norte
2025-01-20 11:00:00,22.53,S2,Sul
2025-01-20 12:00:00,19.92,S3,Norte
2025-01-20 13:00:00,19.8,S2,Norte
2025-01-20 14:00:00,20.37,S2,Leste
2025-01-20 15:00:00,162.88,S1,Norte
2025-01-20 16:00:00,17.83,S1,Leste
2025-01-20 17:00:00,23.56,S2,Oeste
2025-01-20 18:00:00,24.09,S3,Norte
2025-01-20 19:00:00,20.27,S3,Norte
2025-01-20 20:00:00,21.89,S1,Leste
2025-01-20 21:00:00,21.33,S3,Oeste
2025-01-20 22:00:00,2.68,S1,Sul
2025-01-20 23:00:00,22.88,S3,Oeste
2025-01-21 00:00:00,20.36,S2,Leste
2025-01-21 01:00:00,18.67,S1,Oeste
2025-01-21 02:00:00,17.34,S1,Leste
2025-01-21 03:00:00,20.92,S2,Leste
2025-01-21 04:00:00,18.97,S1,Sul
2025-01-21 05:00:00,17.61,S3,Norte
2025-01-21 06:00:00,19.13,S3,Leste
2025-01-21 07:00:00,18.23,S1,Leste
2025-01-21 08:00:00,23.74,S3,Sul
2025-01-21 09:00:00,22.09,S1,Leste
2025-01-21 10:00:00,20.28,S2,Norte
2025-01-21 11:00:00,232.27,S1,Sul
2025-01-21 12:00:00,20.39,S2,Norte
2025-01-21 13:00:00,18.48,S3,Norte
2025-01-21 14:00:00,23.22,S2,Sul
2025-01-21 15:00:00,21.22,S3,Leste
2025-01-21 16:00:00,18.04,S1,Norte
2025-01-21 17:00:00,19.7,S3,Norte
2025-01-21 18:00:00,18.3,S1,Norte
2025-01-21 19:00:00,17.25,S1,Norte
2025-01-21 20:00:00,21.84,S2,Sul
2025-01-21 21:00:00,23.77,S2,Sul
2025-01-21 22:00:00,17.12,S2,Oeste
2025-01-21 23:00:00,21.02,S2,Oeste
2025-01-22 00:00:00,18.56,S3,Norte
2025-01-22 01:00:00,188.53,S3,Leste
2025-01-22 02:00:00,18.61,S3,Norte
2025-01-22 03:00:00,18.04,S1,Leste
2025-01-22 04:00:00,19.83,S3,Norte
2025-01-22 05:00:00,18.04,S3,Oeste
2025-01-22 06:00:00,20.21,S3,Oeste
2025-01-22 07:00:00,19.54,S2,Leste
2025-01-22 08:00:00,19.13,S3,Norte
2025-01-22 09:00:00,17.76,S1,Leste
2025-01-22 10:00:00,18.39,S2,Oeste
2025-01-22 11:00:00,21.02,S1,Norte
2025-01-22 12:00:00,20.48,S3,Norte
2025-01-22 13:00:00,17.5,S2,Leste
2025-01-22 14:00:00,19.62,S1,Sul
2025-01-22 15:00:00,20.89,S3,Leste
2025-01-22 16:00:00,16.02,S1,Oeste
2025-01-22 17:00:00,20.41,S1,Oeste
2025-01-22 18:00:00,17.97,S1,Oeste
2025-01-22 19:00:00,20.4,S3,Oeste
2025-01-22 20:00:00,17.71,S3,Oeste
2025-01-22 21:00:00,15.59,S1,Sul
2025-01-22 22:00:00,15.92,S2,Norte
2025-01-22 23:00:00,19.24,S2,Leste
2025-01-23 00:00:00,19.63,S3,Leste
2025-01-23 01:00:00,17.27,S3,Oeste
2025-01-23 02:00:00,20.32,S3,Leste
2025-01-23 03:00:00,15.69,S3,Oeste
2025-01-23 04:00:00,18.85,S3,Sul
2025-01-23 05:00:00,16.53,S2,Sul
2025-01-23 06:00:00,17.62,S3,Norte
2025-01-23 07:00:00,18.99,S1,Sul
2025-01-23 08:00:00,17.14,S1,Sul
2025-01-23 09:00:00,18.06,S2,Norte
2025-01-23 10:00:00,20.81,S1,Leste
2025-01-23 11:00:00,17.62,S2,Oeste
2025-01-23 12:00:00,20.41,S2,Oeste
2025-01-23 13:00:00,164.5,S1,Leste
2025-01-23 14:00:00,19.74,S3,Norte
2025-01-23 15:00:00,21.53,S1,Leste
2025-01-23 16:00:00,13.68,S1,Sul
2025-01-23 17:00:00,16.99,S2,Norte
2025-01-23 18:00:00,19.71,S1,Norte
2025-01-23 19:00:00,1.81,S2,Norte
2025-01-23 20:00:00,19.24,S3,Oeste
2025-01-23 21:00:00,17.26,S3,Leste
2025-01-23 22:00:00,18.61,S3,Norte
2025-01-23 23:00:00,18.1,S1,Norte
2025-01-24 00:00:00,20.71,S2,Norte
2025-01-24 01:00:00,18.86,S3,Leste
2025-01-24 02:00:00,18.99,S2,Oeste
2025-01-24 03:00:00,17.47,S2,Sul
2025-01-24 04:00:00,17.29,S3,Oeste
2025-01-24 05:00:00,17.37,S3,Norte
2025-01-24 06:00:00,18.99,S2,Oeste
2025-01-24 07:00:00,17.33,S3,Oeste
2025-01-24 08:00:00,18.72,S2,Sul
2025-01-24 09:00:00,22.26,S2,Leste
2025-01-24 10:00:00,19.83,S3,Leste
2025-01-24 11:00:00,17.4,S1,Oeste
2025-01-24 12:00:00,20.43,S3,Oeste
2025-01-24 13:00:00,17.18,S1,Leste
2025-01-24 14:00:00,13.89,S2,Leste
2025-01-24 15:00:00,159.24,S2,Sul
2025-01-24 16:00:00,1.42,S1,Norte
2025-01-24 17:00:00,17.18,S2,Oeste
2025-01-24 18:00:00,17.89,S1,Leste
2025-01-24 19:00:00,2.12,S1,Oeste
2025-01-24 20:00:00,18.45,S2,Oeste
2025-01-24 21:00:00,17.33,S1,Leste
2025-01-24 22:00:00,19.4,S3,Sul
2025-01-24 23:00:00,13.29,S3,Oeste
2025-01-25 00:00:00,18.16,S2,Sul
2025-01-25 01:00:00,19.2,S2,Leste
2025-01-25 02:00:00,14.67,S1,Norte
2025-01-25 03:00:00,19.89,S1,Norte
2025-01-25 04:00:00,18.25,S1,Oeste
2025-01-25 05:00:00,16.72,S1,Leste
2025-01-25 06:00:00,18.79,S3,Sul
2025-01-25 07:00:00,22.03,S3,Oeste
2025-01-25 08:00:00,17.83,S2,Leste
2025-01-25 09:00:00,17.94,S1,Leste
2025-01-25 10:00:00,1.65,S1,Sul
2025-01-25 11:00:00,15.69,S2,Oeste
2025-01-25 12:00:00,19.02,S1,Leste
2025-01-25 13:00:00,15.62,S1,Leste
2025-01-25 14:00:00,17.45,S1,Leste
2025-01-25 15:00:00,16.32,S1,Sul
2025-01-25 16:00:00,18.21,S1,Oeste
2025-01-25 17:00:00,17.89,S2,Oeste
2025-01-25 18:00:00,19.28,S1,Oeste
2025-01-25 19:00:00,16.15,S2,Oeste
2025-01-25 20:00:00,16.61,S1,Norte
2025-01-25 21:00:00,15.16,S3,Norte
2025-01-25 22:00:00,16.21,S3,Oeste
2025-01-25 23:00:00,178.26,S3,Sul
2025-01-26 00:00:00,18.56,S3,Norte
2025-01-26 01:00:00,15.18,S2,Leste
2025-01-26 02:00:00,18.73,S2,Norte
2025-01-26 03:00:00,19.68,S1,Leste
2025-01-26 04:00:00,17.77,S3,Oeste
2025-01-26 05:00:00,20.67,S2,Norte
2025-01-26 06:00:00,15.35,S1,Sul
2025-01-26 07:00:00,14.38,S1,Norte
2025-01-26 08:00:00,13.29,S2,Norte
2025-01-26 09:00:00,19.81,S3,Norte
2025-01-26 10:00:00,18.11,S1,Oeste
2025-01-26 11:00:00,16.66,S3,Sul
2025-01-26 12:00:00,173.1,S3,Norte
2025-01-26 13:00:00,14.48,S3,Sul
2025-01-26 14:00:00,21.59,S1,Oeste
2025-01-26 15:00:00,16.94,S3,Leste
2025-01-26 16:00:00,16.87,S1,Norte
2025-01-26 17:00:00,18.08,S3,Sul
2025-01-26 18:00:00,17.57,S1,Sul
2025-01-26 19:00:00,17.03,S3,Oeste
2025-01-26 20:00:00,14.98,S2,Norte
2025-01-26 21:00:00,17.48,S3,Leste
2025-01-26 22:00:00,20.28,S3,Sul
2025-01-26 23:00:00,19.19,S1,Norte
2025-01-27 00:00:00,19.66,S1,Leste
2025-01-27 01:00:00,15.43,S3,Sul
2025-01-27 02:00:00,1.44,S2,Sul
2025-01-27 03:00:00,16.16,S2,Leste
2025-01-27 04:00:00,16.5,S1,Leste
2025-01-27 05:00:00,18.55,S2,Oeste
2025-01-27 06:00:00,12.96,S3,Norte
2025-01-27 07:00:00,19.38,S1,Norte
2025-01-27 08:00:00,15.98,S3,Oeste
2025-01-27 09:00:00,15.42,S1,Sul
2025-01-27 10:00:00,14.23,S1,Leste
2025-01-27 11:00:00,12.93,S1,Leste
2025-01-27 12:00:00,17.86,S1,Leste
2025-01-27 13:00:00,16.34,S2,Sul
2025-01-27 14:00:00,13.59,S3,Leste
2025-01-27 15:00:00,13.56,S3,Leste
2025-01-27 16:00:00,15.46,S3,Oeste
2025-01-27 17:00:00,19.45,S1,Sul
2025-01-27 18:00:00,15.58,S2,Norte
2025-01-27 19:00:00,13.07,S3,Oeste
2025-01-27 20:00:00,15.56,S2,Oeste
2025-01-27 21:00:00,15.49,S1,Norte
2025-01-27 22:00:00,10.62,S3,Oeste
2025-01-27 23:00:00,15.89,S2,Sul
2025-01-28 00:00:00,15.52,S1,Leste
2025-01-28 01:00:00,17.35,S2,Sul
2025-01-28 02:00:00,19.64,S3,Norte
2025-01-28 03:00:00,18.18,S3,Norte
2025-01-28 04:00:00,15.37,S1,Oeste
2025-01-28 05:00:00,13.68,S1,Sul
2025-01-28 06:00:00,21.02,S1,Sul
2025-01-28 07:00:00,1.6,S2,Norte
2025-01-28 08:00:00,15.86,S2,Sul
2025-01-28 09:00:00,15.77,S2,Norte
2025-01-28 10:00:00,16.2,S1,Sul
2025-01-28 11:00:00,15.5,S3,Sul
2025-01-28 12:00:00,14.62,S3,Sul
2025-01-28 13:00:00,14.66,S2,Norte
2025-01-28 14:00:00,15.67,S2,Oeste
2025-01-28 15:00:00,14.63,S3,Sul
2025-01-28 16:00:00,14.28,S3,Norte
2025-01-28 17:00:00,15.9,S2,Norte
2025-01-28 18:00:00,15.16,S2,Sul
2025-01-28 19:00:00,18.66,S3,Sul
2025-01-28 20:00:00,10.34,S1,Oeste
2025-01-28 21:00:00,17.81,S2,Norte
2025-01-28 22:00:00,181.01,S3,Norte
2025-01-28 23:00:00,11.45,S3,Leste
2025-01-29 00:00:00,14.89,S3,Norte
2025-01-29 01:00:00,14.82,S3,Oeste
2025-01-29 02:00:00,12.73,S1,Leste
2025-01-29 03:00:00,13.98,S3,Leste
2025-01-29 04:00:00,13.3,S2,Leste
2025-01-29 05:00:00,19.01,S1,Sul
2025-01-29 06:00:00,17.37,S3,Sul
2025-01-29 07:00:00,18.02,S1,Norte
2025-01-29 08:00:00,16.91,S2,Leste
2025-01-29 09:00:00,13.2,S3,Oeste
2025-01-29 10:00:00,14.39,S2,Sul
2025-01-29 11:00:00,16.41,S3,Oeste
2025-01-29 12:00:00,12.97,S3,Oeste
2025-01-29 13:00:00,16.83,S3,Sul
2025-01-29 14:00:00,14.91,S3,Sul
2025-01-29 15:00:00,14.63,S3,Sul
2025-01-29 16:00:00,16.79,S1,Sul
2025-01-29 17:00:00,16.24,S3,Leste
2025-01-29 18:00:00,14.62,S3,Leste
2025-01-29 19:00:00,17.65,S1,Leste
2025-01-29 20:00:00,13.16,S1,Leste
2025-01-29 21:00:00,16.54,S1,Norte
2025-01-29 22:00:00,16.49,S1,Leste
2025-01-29 23:00:00,14.67,S1,Sul
2025-01-30 00:00:00,15.93,S1,Oeste
2025-01-30 01:00:00,12.77,S3,Leste
2025-01-30 02:00:00,17.11,S3,Norte
2025-01-30 03:00:00,14.88,S2,Sul
2025-01-30 04:00:00,14.19,S3,Oeste
2025-01-30 05:00:00,17.33,S3,Oeste
2025-01-30 06:00:00,13.81,S1,Leste
2025-01-30 07:00:00,12.39,S1,Oeste
2025-01-30 08:00:00,120.88,S3,Leste
2025-01-30 09:00:00,16.4,S2,Leste
2025-01-30 10:00:00,12.62,S1,Sul
2025-01-30 11:00:00,18.69,S3,Sul
2025-01-30 12:00:00,11.0,S3,Norte
2025-01-30 13:00:00,185.52,S2,Sul
2025-01-30 14:00:00,15.57,S2,Sul
2025-01-30 15:00:00,14.95,S1,Leste
2025-01-30 16:00:00,14.05,S2,Sul
2025-01-30 17:00:00,15.93,S3,Leste
2025-01-30 18:00:00,15.05,S3,Leste
2025-01-30 19:00:00,17.32,S2,Sul
2025-01-30 20:00:00,15.34,S2,Norte
2025-01-30 21:00:00,15.4,S2,Norte
2025-01-30 22:00:00,14.37,S2,Oeste
2025-01-30 23:00:00,14.98,S1,Oeste
2025-01-31 00:00:00,15.7,S2,Sul
2025-01-31 01:00:00,11.66,S1,Norte
2025-01-31 02:00:00,12.38,S3,Leste
2025-01-31 03:00:00,16.55,S2,Oeste
2025-01-31 04:00:00,15.4,S1,Leste
2025-01-31 05:00:00,14.69,S2,Oeste
2025-01-31 06:00:00,15.09,S3,Sul
2025-01-31 07:00:00,15.74,S3,Norte
2025-01-31 08:00:00,13.97,S3,Oeste
2025-01-31 09:00:00,13.48,S2,Norte
2025-01-31 10:00:00,15.43,S2,Leste
2025-01-31 11:00:00,13.08,S1,Sul
2025-01-31 12:00:00,15.85,S3,Norte
2025-01-31 13:00:00,11.62,S2,Sul
2025-01-31 14:00:00,17.08,S3,Norte
2025-01-31 15:00:00,1.6,S3,Leste
2025-01-31 16:00:00,15.53,S1,Leste
2025-01-31 17:00:00,16.98,S1,Sul
2025-01-31 18:00:00,18.34,S1,Leste
2025-01-31 19:00:00,17.04,S1,Oeste
2025-01-31 20:00:00,11.33,S3,Norte
2025-01-31 21:00:00,12.45,S1,Leste
2025-01-31 22:00:00,13.76,S1,Oeste
2025-01-31 23:00:00,15.06,S1,Sul
2025-02-01 00:00:00,16.04,S1,Oeste
2025-02-01 01:00:00,13.55,S3,Sul
2025-02-01 02:00:00,15.37,S1,Sul
2025-02-01 03:00:00,13.49,S3,Norte
2025-02-01 04:00:00,13.78,S2,Norte
2025-02-01 05:00:00,12.19,S3,Oeste
2025-02-01 06:00:00,13.15,S3,Norte
2025-02-01 07:00:00,12.3,S1,Norte
2025-02-01 08:00:00,13.05,S2,Norte
2025-02-01 09:00:00,17.11,S2,Oeste
2025-02-01 10:00:00,13.1,S2,Leste
2025-02-01 11:00:00,202.68,S2,Norte
2025-02-01 12:00:00,15.99,S3,Norte
2025-02-01 13:00:00,15.38,S2,Oeste
2025-02-01 14:00:00,13.29,S3,Leste
2025-02-01 15:00:00,16.41,S3,Norte
2025-02-01 16:00:00,13.86,S3,Sul
2025-02-01 17:00:00,15.26,S2,Oeste
2025-02-01 18:00:00,20.14,S1,Norte
2025-02-01 19:00:00,14.83,S1,Norte
2025-02-01 20:00:00,17.32,S2,Sul
2025-02-01 21:00:00,13.62,S1,Sul
2025-02-01 22:00:00,14.96,S1,Oeste
2025-02-01 23:00:00,18.57,S3,Oeste
2025-02-02 00:00:00,13.78,S3,Sul
2025-02-02 01:00:00,18.66,S2,Oeste
2025-02-02 02:00:00,16.46,S2,Sul
2025-02-02 03:00:00,13.92,S1,Norte
2025-02-02 04:00:00,16.32,S3,Sul
2025-02-02 05:00:00,17.0,S2,Sul
2025-02-02 06:00:00,16.3,S2,Leste
2025-02-02 07:00:00,11.92,S2,Sul
2025-02-02 08:00:00,13.62,S2,Sul
2025-02-02 09:00:00,14.58,S2,Leste
2025-02-02 10:00:00,14.93,S2,Oeste
2025-02-02 11:00:00,16.33,S1,Leste
2025-02-02 12:00:00,15.45,S3,Norte
2025-02-02 13:00:00,12.43,S3,Leste
2025-02-02 14:00:00,15.87,S2,Norte
2025-02-02 15:00:00,16.33,S3,Oeste
2025-02-02 16:00:00,16.24,S3,Leste
2025-02-02 17:00:00,17.29,S3,Leste
2025-02-02 18:00:00,16.8,S2,Oeste
2025-02-02 19:00:00,16.06,S2,Norte
2025-02-02 20:00:00,15.01,S3,Leste
2025-02-02 21:00:00,11.83,S3,Norte
2025-02-02 22:00:00,16.02,S2,Leste
2025-02-02 23:00:00,15.59,S1,Sul
2025-02-03 00:00:00,157.23,S3,Leste
2025-02-03 01:00:00,12.63,S1,Oeste
2025-02-03 02:00:00,13.03,S3,Oeste
2025-02-03 03:00:00,17.31,S1,Norte
2025-02-03 04:00:00,15.14,S1,Leste
2025-02-03 05:00:00,16.59,S1,Norte
2025-02-03 06:00:00,15.29,S2,Norte
2025-02-03 07:00:00,15.3,S1,Sul
2025-02-03 08:00:00,17.13,S1,Sul
2025-02-03 09:00:00,14.23,S1,Oeste
2025-02-03 10:00:00,15.46,S3,Norte
2025-02-03 11:00:00,14.36,S1,Oeste
2025-02-03 12:00:00,14.42,S3,Leste
2025-02-03 13:00:00,14.69,S1,Norte
2025-02-03 14:00:00,15.76,S1,Norte
2025-02-03 15:00:00,14.37,S2,Leste
2025-02-03 16:00:00,17.85,S3,Leste
2025-02-03 17:00:00,13.56,S1,Oeste
2025-02-03 18:00:00,14.99,S3,Oeste
2025-02-03 19:00:00,14.49,S3,Leste
2025-02-03 20:00:00,18.28,S2,Oeste
2025-02-03 21:00:00,157.9,S2,Leste
2025-02-03 22:00:00,17.47,S2,Norte
2025-02-03 23:00:00,12.45,S2,Norte
2025-02-04 00:00:00,15.97,S2,Sul
2025-02-04 01:00:00,17.23,S2,Norte
2025-02-04 02:00:00,15.62,S2,Leste
2025-02-04 03:00:00,17.6,S2,Oeste
2025-02-04 04:00:00,14.45,S1,Sul
2025-02-04 05:00:00,183.19,S3,Oeste
2025-02-04 06:00:00,20.11,S2,Leste
2025-02-04 07:00:00,14.8,S2,Norte
2025-02-04 08:00:00,14.65,S3,Sul
2025-02-04 09:00:00,18.46,S1,Leste
2025-02-04 10:00:00,18.73,S3,Sul
2025-02-04 11:00:00,14.54,S3,Sul
2025-02-04 12:00:00,14.76,S2,Norte
2025-02-04 13:00:00,15.05,S3,Leste
2025-02-04 14:00:00,12.94,S3,Oeste
2025-02-04 15:00:00,13.81,S2,Sul
2025-02-04 16:00:00,13.65,S2,Sul
2025-02-04 17:00:00,14.14,S2,Oeste
2025-02-04 18:00:00,15.62,S2,Leste
2025-02-04 19:00:00,16.18,S3,Sul
2025-02-04 20:00:00,18.83,S3,Sul
2025-02-04 21:00:00,13.75,S1,Sul
2025-02-04 22:00:00,17.73,S1,Leste
2025-02-04 23:00:00,15.35,S3,Leste
2025-02-05 00:00:00,156.94,S1,Oeste
2025-02-05 01:00:00,17.16,S3,Leste
2025-02-05 02:00:00,13.58,S1,Leste
2025-02-05 03:00:00,16.61,S2,Norte
2025-02-05 04:00:00,16.19,S1,Oeste
2025-02-05 05:00:00,16.86,S2,Sul
2025-02-05 06:00:00,16.48,S2,Leste
2025-02-05 07:00:00,20.83,S2,Sul
2025-02-05 08:00:00,14.66,S2,Sul
2025-02-05 09:00:00,14.89,S1,Norte
2025-02-05 10:00:00,14.72,S3,Leste
2025-02-05 11:00:00,14.88,S2,Oeste
2025-02-05 12:00:00,14.73,S1,Leste
2025-02-05 13:00:00,18.41,S2,Sul
2025-02-05 14:00:00,18.89,S1,Oeste
2025-02-05 15:00:00,14.92,S1,Leste
2025-02-05 16:00:00,14.42,S1,Sul
2025-02-05 17:00:00,17.05,S3,Sul
2025-02-05 18:00:00,15.02,S1,Norte
2025-02-05 19:00:00,17.41,S1,Norte
2025-02-05 20:00:00,16.57,S3,Norte
2025-02-05 21:00:00,13.15,S3,Sul
2025-02-05 22:00:00,19.3,S1,Leste
2025-02-05 23:00:00,19.82,S3,Norte
2025-02-06 00:00:00,15.02,S2,Leste
2025-02-06 01:00:00,15.49,S2,Norte
2025-02-06 02:00:00,16.86,S3,Oeste
2025-02-06 03:00:00,16.98,S3,Oeste
2025-02-06 04:00:00,17.65,S1,Norte
2025-02-06 05:00:00,20.37,S3,Sul
2025-02-06 06:00:00,16.02,S1,Norte
2025-02-06 07:00:00,14.8,S2,Norte
2025-02-06 08:00:00,13.66,S3,Sul
2025-02-06 09:00:00,14.98,S1,Oeste
2025-02-06 10:00:00,16.4,S1,Leste
2025-02-06 11:00:00,200.73,S2,Norte
2025-02-06 12:00:00,15.47,S3,Sul
2025-02-06 13:00:00,1.7,S2,Norte
2025-02-06 14:00:00,16.52,S1,Sul
2025-02-06 15:00:00,18.95,S1,Leste
2025-02-06 16:00:00,21.65,S3,Leste
2025-02-06 17:00:00,15.56,S1,Oeste
2025-02-06 18:00:00,15.66,S3,Sul
2025-02-06 19:00:00,18.76,S2,Sul
2025-02-06 20:00:00,180.55,S3,Oeste
2025-02-06 21:00:00,20.41,S3,Oeste
2025-02-06 22:00:00,17.91,S1,Sul
2025-02-06 23:00:00,16.04,S1,Oeste
2025-02-07 00:00:00,17.97,S3,Leste
2025-02-07 01:00:00,19.03,S1,Norte
2025-02-07 02:00:00,1.85,S1,Leste
2025-02-07 03:00:00,17.87,S1,Oeste
2025-02-07 04:00:00,19.02,S3,Sul
2025-02-07 05:00:00,19.25,S1,Sul
2025-02-07 06:00:00,19.7,S3,Leste
2025-02-07 07:00:00,18.26,S1,Sul
2025-02-07 08:00:00,16.65,S2,Oeste
2025-02-07 09:00:00,17.3,S1,Leste
2025-02-07 10:00:00,19.45,S1,Sul
2025-02-07 11:00:00,15.42,S3,Norte
2025-02-07 12:00:00,17.82,S3,Norte
2025-02-07 13:00:00,16.32,S1,Oeste
2025-02-07 14:00:00,17.19,S2,Sul
2025-02-07 15:00:00,19.72,S1,Oeste
2025-02-07 16:00:00,17.57,S1,Leste
2025-02-07 17:00:00,17.31,S2,Norte
2025-02-07 18:00:00,14.52,S3,Leste
2025-02-07 19:00:00,18.76,S1,Sul
2025-02-07 20:00:00,18.58,S3,Oeste
2025-02-07 21:00:00,21.64,S3,Oeste
2025-02-07 22:00:00,16.73,S2,Oeste
2025-02-07 23:00:00,17.81,S2,Leste
2025-02-08 00:00:00,17.9,S3,Norte
2025-02-08 01:00:00,20.58,S1,Leste
2025-02-08 02:00:00,17.26,S3,Leste
2025-02-08 03:00:00,18.04,S1,Sul
2025-02-08 04:00:00,18.72,S1,Sul
2025-02-08 05:00:00,17.91,S2,Sul
2025-02-08 06:00:00,16.67,S1,Norte
2025-02-08 07:00:00,17.98,S1,Norte
2025-02-08 08:00:00,19.76,S3,Sul
2025-02-08 09:00:00,15.59,S2,Sul
2025-02-08 10:00:00,17.94,S1,Norte
2025-02-08 11:00:00,16.3,S1,Oeste
2025-02-08 12:00:00,20.12,S2,Norte
2025-02-08 13:00:00,14.71,S3,Norte
2025-02-08 14:00:00,16.67,S2,Norte
2025-02-08 15:00:00,18.57,S2,Sul
2025-02-08 16:00:00,20.97,S1,Oeste
2025-02-08 17:00:00,17.74,S1,Norte
2025-02-08 18:00:00,16.79,S3,Sul
2025-02-08 19:00:00,21.69,S1,Leste
2025-02-08 20:00:00,15.06,S1,Leste
2025-02-08 21:00:00,13.59,S2,Norte
2025-02-08 22:00:00,18.89,S1,Leste
2025-02-08 23:00:00,17.04,S3,Oeste
2025-02-09 00:00:00,1.6,S2,Leste
2025-02-09 01:00:00,19.52,S3,Leste
2025-02-09 02:00:00,18.62,S2,Oeste
2025-02-09 03:00:00,17.03,S1,Norte
2025-02-09 04:00:00,15.63,S2,Norte
2025-02-09 05:00:00,19.96,S2,Oeste
2025-02-09 06:00:00,195.46,S1,Oeste
2025-02-09 07:00:00,18.08,S1,Oeste
2025-02-09 08:00:00,22.0,S3,Leste
2025-02-09 09:00:00,161.94,S3,Oeste
2025-02-09 10:00:00,15.31,S1,Sul
2025-02-09 11:00:00,17.01,S1,Leste
2025-02-09 12:00:00,18.33,S1,Norte
2025-02-09 13:00:00,18.94,S2,Norte
2025-02-09 14:00:00,18.0,S2,Norte
2025-02-09 15:00:00,19.22,S2,Leste
2025-02-09 16:00:00,16.04,S1,Sul
2025-02-09 17:00:00,21.46,S3,Oeste
2025-02-09 18:00:00,18.44,S1,Oeste
2025-02-09 19:00:00,20.87,S2,Norte
2025-02-09 20:00:00,19.35,S2,Norte
2025-02-09 21:00:00,19.61,S1,Leste
2025-02-09 22:00:00,19.86,S1,Sul
2025-02-09 23:00:00,19.65,S2,Oeste
2025-02-10 00:00:00,20.07,S2,Leste
2025-02-10 01:00:00,21.47,S2,Oeste
2025-02-10 02:00:00,19.24,S1,Norte
2025-02-10 03:00:00,20.3,S2,Oeste
2025-02-10 04:00:00,18.73,S2,Sul
2025-02-10 05:00:00,21.82,S3,Sul
2025-02-10 06:00:00,17.62,S1,Norte
2025-02-10 07:00:00,22.6,S3,Sul
2025-02-10 08:00:00,18.95,S3,Sul
2025-02-10 09:00:00,16.2,S2,Leste
2025-02-10 10:00:00,19.35,S1,Oeste
2025-02-10 11:00:00,17.76,S2,Norte
2025-02-10 12:00:00,208.36,S1,Norte
2025-02-10 13:00:00,17.88,S3,Norte
2025-02-10 14:00:00,18.32,S1,Norte
2025-02-10 15:00:00,15.47,S2,Norte
2025-02-10 16:00:00,18.37,S2,Sul
2025-02-10 17:00:00,14.46,S2,Leste
2025-02-10 18:00:00,16.17,S1,Norte
2025-02-10 19:00:00,20.89,S3,Leste
2025-02-10 20:00:00,20.98,S3,Leste
2025-02-10 21:00:00,20.29,S1,Sul
2025-02-10 22:00:00,17.53,S2,Norte
2025-02-10 23:00:00,19.4,S3,Sul
2025-02-11 00:00:00,19.52,S2,Norte
2025-02-11 01:00:00,17.24,S1,Sul
2025-02-11 02:00:00,22.6,S2,Leste
2025-02-11 03:00:00,21.38,S3,Norte
2025-02-11 04:00:00,19.21,S3,Oeste
2025-02-11 05:00:00,19.74,S2,Leste
2025-02-11 06:00:00,20.13,S1,Oeste
2025-02-11 07:00:00,15.67,S2,Leste
2025-02-11 08:00:00,19.29,S1,Sul
2025-02-11 09:00:00,18.45,S2,Norte
2025-02-11 10:00:00,17.84,S3,Leste
2025-02-11 11:00:00,19.31,S1,Sul
2025-02-11 12:00:00,23.5,S1,Norte
2025-02-11 13:00:00,21.22,S1,Norte
2025-02-11 14:00:00,18.83,S3,Leste
2025-02-11 15:00:00,21.15,S2,Norte
